id,lat,lon,alt,name,tz,utc_offset
KOCF,29.17,-82.22,24.0,"Ocala, Ocala International Airport-Jim Taylor Field",America/New_York,UTC-5
KRDU,35.87,-78.79,126.0,"Raleigh / Durham, Raleigh-Durham International Airport",America/New_York,UTC-5
KFUL,33.87,-117.98,38.0,"Fullerton, Fullerton Municipal Airport",America/Los_Angeles,UTC-8
KSLI,33.78,-118.05,1.0,Los Alamitos U. S. Army Airfield,America/Los_Angeles,UTC-8
KSNA,33.68,-117.87,2.0,"Santa Ana, John Wayne Airport-Orange County Airport",America/Los_Angeles,UTC-8
KBFI,47.55,-122.31,45.0,"Seattle, Seattle Boeing Field",America/Los_Angeles,UTC-8
KRNT,47.49,-122.21,32.0,"Renton, Renton Municipal Airport",America/Los_Angeles,UTC-8
KSEA,47.44,-122.31,104.0,"Seattle, Seattle-Tacoma International Airport",America/Los_Angeles,UTC-8
KEWR,40.68,-74.17,2.0,"Newark, Newark International Airport",America/New_York,UTC-5
KLGA,40.78,-73.88,7.0,"New York, La Guardia Airport",America/New_York,UTC-5
KNYC,40.78,-73.97,25.0,"New York City, Central Park",America/New_York,UTC-5
KTEB,40.86,-74.06,3.0,"Teterboro, Teterboro Airport",America/New_York,UTC-5
KJRB,40.7,-74.01,2.0,Downtown Manhattan Wall Street Heliport,America/New_York,UTC-5
KEMT,34.08,-118.03,87.0,El Monte,America/Los_Angeles,UTC-8
KCQT,34.02,-118.28,56.0,Los Angeles / USC Campus Downtown,America/Los_Angeles,UTC-8
KBUR,34.2,-118.36,213.0,"Burbank, Burbank-Glendale-Pasadena Airport",America/Los_Angeles,UTC-8
KWHP,34.25,-118.4,276.0,"Los Angeles, Whiteman Airport",America/Los_Angeles,UTC-8
KHHR,33.92,-118.33,22.0,"Hawthorne, Hawthorne Municipal Airport",America/Los_Angeles,UTC-8
KLAX,33.94,-118.39,30.0,"Los Angeles, Los Angeles International Airport",America/Los_Angeles,UTC-8
KSMO,34.02,-118.45,40.0,"Santa Monica, Santa Monica Municipal Airport",America/Los_Angeles,UTC-8
KVNY,34.21,-118.49,235.0,"Van Nuys, Van Nuys Airport",America/Los_Angeles,UTC-8
PHNG,21.45,-157.77,2.0,"Kaneohe, Marine Corps Air Station",Pacific/Honolulu,UTC-10
PHNL,21.33,-157.94,14.0,"Honolulu, Honolulu International Airport",Pacific/Honolulu,UTC-10
KADW,38.82,-76.85,64.0,Camp Springs / Andrews Air Force Base,America/New_York,UTC-5
KDCA,38.85,-77.03,1.0,"Washington DC, Reagan National Airport",America/New_York,UTC-5
KCGS,38.98,-76.92,15.0,College Park Airport,America/New_York,UTC-5
KMIA,25.79,-80.32,2.0,"Miami, Miami International Airport",America/New_York,UTC-5
KOPF,25.91,-80.28,2.0,"Miami, Opa Locka Airport",America/New_York,UTC-5
KMCO,28.42,-81.32,24.0,"Orlando, Orlando International Airport",America/New_York,UTC-5
KORL,28.55,-81.34,35.0,"Orlando, Orlando Executive Airport",America/New_York,UTC-5
KOAK,37.72,-122.24,1.0,"Oakland, Metro Oakland International Airport",America/Los_Angeles,UTC-8
KSFO,37.62,-122.36,1.0,"San Francisco, San Francisco International Airport",America/Los_Angeles,UTC-8
KLAS,36.08,-115.16,659.0,"Las Vegas, McCarran International Airport",America/Los_Angeles,UTC-8
KLSV,36.23,-115.03,557.0,Nellis Air Force Base,America/Los_Angeles,UTC-8
KVGT,36.21,-115.2,668.0,"Las Vegas, North Las Vegas Airport",America/Los_Angeles,UTC-8
KCBF,41.27,-95.77,349.0,Council Bluffs,America/Chicago,UTC-6
KOFF,41.12,-95.9,300.0,Omaha / Offutt Air Force Base,America/Chicago,UTC-6
KOMA,41.31,-95.9,299.0,"Omaha, Eppley Airfield",America/Chicago,UTC-6
KHOU,29.64,-95.28,14.0,"Houston, Houston Hobby Airport",America/Chicago,UTC-6
KMCJ,29.72,-95.4,69.0,HOUSTON/UNIV,America/Chicago,UTC-6
KDAL,32.85,-96.86,136.0,"Dallas, Dallas Love Field",America/Chicago,UTC-6
KRBD,32.68,-96.86,198.0,"Dallas, Redbird Airport",America/Chicago,UTC-6
KATL,33.64,-84.43,305.0,"Atlanta, Hartsfield - Jackson Atlanta International Airport",America/New_York,UTC-5
KFTY,33.78,-84.52,242.0,"Atlanta, Fulton County Airport-Brown Field",America/New_York,UTC-5
KPDK,33.88,-84.3,277.0,"Atlanta, De Kalb-Peachtree Airport",America/New_York,UTC-5
KMYF,32.81,-117.14,126.0,"San Diego, Montgomery Field",America/Los_Angeles,UTC-8
KNKX,32.87,-117.14,145.0,"San Diego, Miramar MCAS/Mitscher Field Airport",America/Los_Angeles,UTC-8
KNRS,32.56,-117.11,7.0,"Imperial Beach, Naval Auxiliary Landing Field",America/Los_Angeles,UTC-8
KNZY,32.69,-117.21,7.0,"San Diego, North Island, Naval Air Station",America/Los_Angeles,UTC-8
KSAN,32.73,-117.18,2.0,"San Diego, San Diego International-Lindbergh Field",America/Los_Angeles,UTC-8
KNUQ,37.41,-122.05,10.0,"Mountain View, Moffett Field",America/Los_Angeles,UTC-8
KRHV,37.33,-121.82,37.0,San Jose / Reid / Hillv,America/Los_Angeles,UTC-8
KSJC,37.36,-121.92,15.0,"San Jose, San Jose International Airport",America/Los_Angeles,UTC-8
KXSA,37.86,-76.89,41.0,Tappahannock-Essex County Airport,America/New_York,UTC-5
KPHX,33.43,-112.05,340.0,"Phoenix, Phoenix Sky Harbor International Airport",America/Phoenix,UTC-7
KDSM,41.54,-93.67,259.0,"Des Moines, Des Moines International Airport",America/Chicago,UTC-6
KIKV,41.69,-93.57,276.0,"Ankeny, Ankeny Regional Airport",America/Chicago,UTC-6
KPHL,39.87,-75.23,2.0,"Philadelphia, Philadelphia International Airport",America/New_York,UTC-5
KPNE,40.08,-75.01,35.0,"Philadelphia, Northeast Philadelphia Airport",America/New_York,UTC-5
KMCF,27.85,-82.5,2.0,"Macdill Air Force Base, Fl.",America/New_York,UTC-5
KTPA,27.96,-82.54,3.0,"Tampa, Tampa International Airport",America/New_York,UTC-5
KVDF,28.01,-82.35,3.0,"Tampa, Vandenberg Airport",America/New_York,UTC-5
KTPF,27.92,-82.45,1.0,"Tampa, Peter O Knight Airport",America/New_York,UTC-5
KCMH,39.99,-82.88,244.0,"Columbus, Port Columbus International Airport",America/New_York,UTC-5
KLCK,39.82,-82.93,213.0,Rickenbacker Air National Guard Base,America/New_York,UTC-5
KOSU,40.08,-83.08,274.0,"Columbus, Ohio State University Airport",America/New_York,UTC-5
KTZR,39.9,-83.14,274.0,"Columbus, Bolton Field Airport",America/New_York,UTC-5
KIAD,38.93,-77.45,91.0,"Washington DC, Washington-Dulles International Airport",America/New_York,UTC-5
KJYO,39.08,-77.57,106.0,Leesburg / Godfrey,America/New_York,UTC-5
KBKF,39.71,-104.76,1682.0,"Aurora, Buckley Air Force Base Airport",America/Denver,UTC-7
KCLT,35.21,-80.95,212.0,"Charlotte, Charlotte / Douglas International Airport",America/New_York,UTC-5
KSAT,29.53,-98.46,237.0,"San Antonio, San Antonio International Airport",America/Chicago,UTC-6
KSKF,29.38,-98.58,200.0,Kelly Air Force Base,America/Chicago,UTC-6
KSSF,29.34,-98.47,170.0,"San Antonio, Stinson Municipal Airport",America/Chicago,UTC-6
KPDX,45.59,-122.6,61.0,"Portland, Portland International Airport",America/Los_Angeles,UTC-8
KVUO,45.62,-122.66,21.0,"Vancouver, Pearson Field Airport",America/Los_Angeles,UTC-8
KANE,45.15,-93.22,277.0,Minneapolis / Blaine,America/Chicago,UTC-6
KMIC,45.06,-93.35,265.0,"Minneapolis, Crystal Airport",America/Chicago,UTC-6
KMSP,44.88,-93.23,256.0,"Minneapolis, Minneapolis-St. Paul International Airport",America/Chicago,UTC-6
KSTP,44.93,-93.05,213.0,"St. Paul, St. Paul Downtown Holman Field",America/Chicago,UTC-6
KAUS,30.19,-97.67,152.0,"Austin, Austin-Bergstrom International Airport",America/Chicago,UTC-6
KATT,30.32,-97.77,217.0,"Austin City, Austin Camp Mabry",America/Chicago,UTC-6
KBOS,42.36,-71.01,1.0,"Boston, Logan International Airport",America/New_York,UTC-5
KMQE,42.21,-71.11,166.0,East Milton,America/New_York,UTC-5
KSLC,40.78,-111.97,1286.0,"Salt Lake City, Salt Lake City International Airport",America/Denver,UTC-7
KU42,40.62,-111.99,1392.0,"Salt Lake City, Salt Lake City Municipal 2 Airport",America/Denver,UTC-7
KCPS,38.57,-90.16,124.0,"Cahokia / St. Louis, St. Louis Downtown Airport",America/Chicago,UTC-6
KCRG,30.34,-81.51,12.0,"Jacksonville, Craig Municipal Airport",America/New_York,UTC-5
KJAX,30.49,-81.69,6.0,"Jacksonville, Jacksonville International Airport",America/New_York,UTC-5
KNIP,30.23,-81.67,3.0,"Jacksonville, Naval Air Station",America/New_York,UTC-5
KAGC,40.35,-79.92,333.0,"Pittsburgh, Allegheny County Airport",America/New_York,UTC-5
KCVG,39.04,-84.67,271.0,"Covington / Cincinnati, Cincinnati / Northern Kentucky Inter",America/New_York,UTC-5
KLUK,39.11,-84.42,165.0,"Cincinnati, Cincinnati Municipal Airport Lunken Field",America/New_York,UTC-5
KBNA,36.12,-86.69,183.0,"Nashville, Nashville International Airport",America/Chicago,UTC-6
KJWN,36.18,-86.89,151.0,John C Tune Airport,America/Chicago,UTC-6
KSPI,39.85,-89.68,178.0,"Springfield, Abraham Lincoln Capital Airport",America/Chicago,UTC-6
KEYE,39.83,-86.3,245.0,"Indianapolis, Eagle Creek Airpark",America/New_York,UTC-5
KIND,39.73,-86.28,240.0,"Indianapolis, Indianapolis International Airport",America/New_York,UTC-5
KLOU,38.23,-85.66,164.0,"Louisville, Bowman Field Airport",America/New_York,UTC-5
KSDF,38.18,-85.73,138.0,"Louisville, Standiford Field",America/New_York,UTC-5
KJVY,38.37,-85.74,144.0,Clark Regional Airport,America/New_York,UTC-5
KCAE,33.94,-81.12,61.0,"Columbia, Columbia Metropolitan Airport",America/New_York,UTC-5
KCUB,33.97,-80.99,52.0,"Columbia, Columbia Owens Downtown Airport",America/New_York,UTC-5
KGKY,32.66,-97.1,182.0,"Arlington, Arlington Municipal Airport",America/Chicago,UTC-6
KGPM,32.7,-97.05,176.0,"Grand Prairie, Grand Prairie Municipal Airport",America/Chicago,UTC-6
KDMA,32.17,-110.88,805.0,Davis-Monthan Air Force Base,America/Phoenix,UTC-7
KTUS,32.13,-110.96,779.0,"Tucson, Tucson International Airport",America/Phoenix,UTC-7
KROC,43.12,-77.68,167.0,"Rochester, Greater Rochester International Airport",America/New_York,UTC-5
KBKL,41.53,-81.67,174.0,"Cleveland, Burke Lakefront Airport",America/New_York,UTC-5
KCGF,41.57,-81.48,262.0,Cleveland / Cuyahoga,America/New_York,UTC-5
KCLE,41.41,-81.85,230.0,"Cleveland, Cleveland-Hopkins International Airport",America/New_York,UTC-5
KBWI,39.17,-76.68,45.0,"Baltimore, Baltimore-Washington International Airport",America/New_York,UTC-5
KMTN,39.33,-76.42,1.0,Baltimore / Martin,America/New_York,UTC-5
KMKC,39.12,-94.6,225.0,"Kansas City, Kansas City Downtown Airport",America/Chicago,UTC-6
KALB,42.75,-73.8,90.0,"Albany, Albany International Airport",America/New_York,UTC-5
KMCC,38.67,-121.4,18.0,"Sacramento, McClellan Airfield Airport",America/Los_Angeles,UTC-8
KMHR,38.55,-121.3,24.0,"Sacramento, Sacramento Mather Airport",America/Los_Angeles,UTC-8
KSAC,38.51,-121.49,5.0,"Sacramento, Sacramento Executive Airport",America/Los_Angeles,UTC-8
KSMF,38.7,-121.59,5.0,"Sacramento, Sacramento International Airport",America/Los_Angeles,UTC-8
KCNU,37.67,-95.48,304.0,"Chanute, Chanute Martin Johnson Airport",America/Chicago,UTC-6
KMEM,35.06,-89.98,76.0,"Memphis, Memphis International Airport",America/Chicago,UTC-6
KAWM,35.13,-90.23,64.0,"West Memphis, West Memphis Municipal Airport",America/Chicago,UTC-6
KMKE,42.96,-87.9,217.0,"Milwaukee, General Mitchell International Airport",America/Chicago,UTC-6
KMWC,43.12,-88.03,228.0,Milwaukee / Timmerman,America/Chicago,UTC-6
KAFF,38.97,-104.82,1999.0,Air Force Academy,America/Denver,UTC-7
KCOS,38.82,-104.71,1886.0,"Colorado Springs, City Of Colorado Springs Municipal Airport",America/Denver,UTC-7
KFCS,38.7,-104.77,1737.0,Fort Carson,America/Denver,UTC-7
KDET,42.41,-83.01,191.0,"Detroit, Detroit City Airport",America/New_York,UTC-5
KDAA,38.72,-77.18,15.0,Fort Belvoir,America/New_York,UTC-5
KSGS,44.86,-93.03,244.0,"South St. Paul, South St. Paul Municipal-Richard E. Fleming",America/Chicago,UTC-6
K21D,45.0,-92.86,284.0,Lake Elmo Airport,America/Chicago,UTC-6
KOKC,35.39,-97.6,395.0,"Oklahoma City, Will Rogers World Airport",America/Chicago,UTC-6
KPWA,35.54,-97.65,401.0,"Oklahoma City, Wiley Post Airport",America/Chicago,UTC-6
KTIK,35.42,-97.38,390.0,Tinker Air Force Base,America/Chicago,UTC-6
KMSN,43.14,-89.35,259.0,"Madison, Dane County Regional-Truax Field",America/Chicago,UTC-6
KC29,43.11,-89.53,283.0,Middleton Municipal Morey Field,America/Chicago,UTC-6
KABQ,35.04,-106.61,1615.0,"Albuquerque, Albuquerque International Airport",America/Denver,UTC-7
KAEG,35.15,-106.79,1767.0,"Albuquerque, Double Eagle II Airport",America/Denver,UTC-7
KCDW,40.88,-74.28,57.0,"Caldwell, Essex County Airport",America/New_York,UTC-5
KLDJ,40.62,-74.24,7.0,Linden Airport,America/New_York,UTC-5
KMLE,41.2,-96.11,323.0,"Omaha, Millard Airport",America/Chicago,UTC-6
KARR,41.77,-88.48,213.0,"Aurora, Aurora Municipal Airport",America/Chicago,UTC-6
KDPA,41.9,-88.25,228.0,"Chicago / West Chicago, Dupage Airport",America/Chicago,UTC-6
KAOH,40.71,-84.02,287.0,"Lima, Lima Allen County Airport",America/New_York,UTC-5
KDAY,39.91,-84.22,304.0,"Dayton, Cox Dayton International Airport",America/New_York,UTC-5
KFFO,39.83,-84.05,246.0,Dayton / Wright-Patterson Air Force Base,America/New_York,UTC-5
KMGY,39.59,-84.22,295.0,"Dayton, Dayton-Wright Brothers Airport",America/New_York,UTC-5
KLGB,33.81,-118.15,25.0,"Long Beach, Long Beach Airport",America/Los_Angeles,UTC-8
KTOA,33.8,-118.33,30.0,"Torrance, Zamperini Field Airport",America/Los_Angeles,UTC-8
KFLL,26.07,-80.15,3.0,"Fort Lauderdale, Fort Lauderdale / Hollywood International A",America/New_York,UTC-5
KFXE,26.2,-80.18,3.0,"Fort Lauderdale, Fort Lauderdale Executive Airport",America/New_York,UTC-5
KPMP,26.25,-80.11,4.0,"Pompano Beach, Pompano Beach Airpark",America/New_York,UTC-5
KHWO,26.0,-80.24,3.0,"Hollywood, North Perry Airport",America/New_York,UTC-5
KLEX,38.04,-84.61,274.0,"Lexington, Blue Grass Airport",America/New_York,UTC-5
KBHM,33.57,-86.74,208.0,"Birmingham, Birmingham International Airport",America/Chicago,UTC-6
KASG,36.18,-94.12,408.0,Springdale Municipal,America/Chicago,UTC-6
KFYV,36.01,-94.17,393.0,"Fayetteville, Drake Field",America/Chicago,UTC-6
KILG,39.67,-75.6,15.0,"Wilmington, New Castle County Airport",America/New_York,UTC-5
KGMU,34.85,-82.35,305.0,"Greenville, Greenville Downtown Airport",America/New_York,UTC-5
KGSP,34.88,-82.22,274.0,"Greer, Greenville-Spartanburg Airport",America/New_York,UTC-5
KGYH,34.76,-82.38,291.0,Donaldson Center Airport,America/New_York,UTC-5
KLNS,40.12,-76.29,121.0,"Lancaster, Lancaster Airport",America/New_York,UTC-5
KBIF,31.85,-106.38,1197.0,Biggs Army Air Field / Ft. Bliss,America/Denver,UTC-7
KELP,31.81,-106.38,1205.0,"El Paso, El Paso International Airport",America/Denver,UTC-7
KTRM,33.63,-116.16,-32.0,"Palm Springs, Jacqueline Cochran Regional Airport",America/Los_Angeles,UTC-8
KCHD,33.27,-111.81,377.0,"Chandler, Chandler Municipal Airport",America/Phoenix,UTC-7
KFFZ,33.47,-111.73,405.0,Mesa / Falcon Field,America/Phoenix,UTC-7
KIWA,33.32,-111.65,422.0,"Mesa, Williams Gateway Airport",America/Phoenix,UTC-7
KMGE,33.92,-84.52,312.0,Marietta / Dobbins Air Force Base,America/New_York,UTC-5
KRYY,34.01,-84.6,305.0,"Marietta, Cobb County-McCollum Field Airport",America/New_York,UTC-5
KSLE,44.91,-122.99,59.0,"Salem, McNary Field",America/Los_Angeles,UTC-8
KVLL,42.54,-83.18,217.0,"Troy, Oakland/Troy Airport",America/New_York,UTC-5
KGRR,42.88,-85.52,243.0,"Grand Rapids, Gerald R. Ford International Airport",America/New_York,UTC-5
KLNK,40.83,-96.76,354.0,"Lincoln, Lincoln Municipal Airport",America/Chicago,UTC-6
KJAN,32.32,-90.08,87.0,"Jackson, Jackson International Airport",America/Chicago,UTC-6
KHKS,32.33,-90.22,91.0,"Jackson, Hawkins Field Airport",America/Chicago,UTC-6
KMBO,32.44,-90.1,99.0,Bruce Campbell Field,America/Chicago,UTC-6
KGRF,47.12,-122.55,91.0,Fort Lewis / Gray U. S. Army Airfield,America/Los_Angeles,UTC-8
KTCM,47.15,-122.48,94.0,Tacoma / McChord Air Force Base,America/Los_Angeles,UTC-8
KTIW,47.27,-122.58,84.0,"Tacoma, Tacoma Narrows Airport",America/Los_Angeles,UTC-8
KLRJ,42.78,-96.19,368.0,"Le Mars, Le Mars Municipal Airport",America/Chicago,UTC-6
KADS,32.97,-96.83,198.0,Dallas / Addison Airport,America/Chicago,UTC-6
KGEG,47.62,-117.53,715.0,"Spokane, Spokane International Airport",America/Los_Angeles,UTC-8
KSFF,47.69,-117.32,605.0,"Spokane, Felts Field",America/Los_Angeles,UTC-8
KSKA,47.62,-117.65,742.0,Fairchild Air Force Base,America/Los_Angeles,UTC-8
KMSY,29.99,-90.25,2.0,"New Orleans, New Orleans International Airport",America/Chicago,UTC-6
KNBG,29.83,-90.03,1.0,"New Orleans, Naval Air Station - Alvin Callender Field",America/Chicago,UTC-6
KNEW,30.05,-90.03,1.0,"New Orleans, New Orleans Lakefront Airport",America/Chicago,UTC-6
KNTU,36.82,-76.03,5.0,"Virginia Beach, Oceana, Naval Air Station",America/New_York,UTC-5
KORF,36.9,-76.19,5.0,"Norfolk, Norfolk International Airport",America/New_York,UTC-5
KMDQ,34.86,-86.56,218.0,"Huntsville, Madison County Executive Airport",America/Chicago,UTC-6
KHUA,34.68,-86.68,208.0,Redstone Army Air Field,America/Chicago,UTC-6
KHWD,37.66,-122.12,20.0,"Hayward, Hayward Air Terminal",America/Los_Angeles,UTC-8
KPAO,37.47,-122.12,1.0,Palo Alto Airport,America/Los_Angeles,UTC-8
KTYS,35.82,-83.99,299.0,"Knoxville, McGhee Tyson Airport",America/New_York,UTC-5
KDKX,35.97,-83.87,261.0,Knoxville Downtown,America/New_York,UTC-5
KDFW,32.9,-97.02,167.0,"Dallas / Fort Worth, Dallas / Fort Worth International Airpo",America/Chicago,UTC-6
KRVS,36.04,-95.99,199.0,"Tulsa, Jones Jr. Airport",America/Chicago,UTC-6
KTUL,36.2,-95.89,201.0,"Tulsa, Tulsa International Airport",America/Chicago,UTC-6
KOWP,36.18,-96.15,272.0,William R. Pogue Municipal Airport,America/Chicago,UTC-6
KIAB,37.62,-97.27,410.0,McConnell Air Force Base,America/Chicago,UTC-6
KICT,37.65,-97.43,399.0,"Wichita, Wichita Mid-Continent Airport",America/Chicago,UTC-6
KAAO,37.75,-97.22,426.0,"Wichita, Colonel James Jabara Airport",America/Chicago,UTC-6
KBEC,37.69,-97.21,429.0,Beech Factory Airport,America/Chicago,UTC-6
KFAT,36.78,-119.72,91.0,"Fresno, Fresno Air Terminal",America/Los_Angeles,UTC-8
KGNV,29.69,-82.28,40.0,"Gainesville, Gainesville Regional Airport",America/New_York,UTC-5
KDEC,39.83,-88.87,207.0,"Decatur, Decatur Airport",America/Chicago,UTC-6
KBOI,43.57,-116.24,854.0,"Boise, Boise Air Terminal",America/Denver,UTC-7
KMGM,32.3,-86.41,78.0,"Montgomery, Dannelly Field",America/Chicago,UTC-6
KMXF,32.38,-86.37,46.0,Maxwell Air Force Base / Montgomery,America/Chicago,UTC-6
KCYS,41.16,-104.81,1878.0,"Cheyenne, Cheyenne Airport",America/Denver,UTC-7
KFEW,41.13332,-104.86719,1889.0,WARREN AFB,America/Denver,UTC-7
KDWH,30.07,-95.56,48.0,"Houston, Hooks Memorial Airport",America/Chicago,UTC-6
KIAH,29.99,-95.36,28.0,"Houston, Houston Intercontinental Airport",America/Chicago,UTC-6
KSRQ,27.4,-82.56,7.0,"Sarasota / Bradenton, Sarasota-Bradenton International Airpo",America/New_York,UTC-5
KNYG,38.51,-77.29,3.0,"Quantico, Marine Corps Air Facility",America/New_York,UTC-5
KBTR,30.54,-91.15,18.0,"Baton Rouge, Baton Rouge Metropolitan, Ryan Field",America/Chicago,UTC-6
KRNO,39.48,-119.77,1350.0,"Reno, Reno Tahoe International Airport",America/Los_Angeles,UTC-8
KRTS,39.67,-119.88,1539.0,Reno/stead,America/Los_Angeles,UTC-8
KAUO,32.62,-85.43,229.0,Auburn-Opelika Airport,America/Chicago,UTC-6
KF44,32.16,-95.83,135.0,Athens Muni,America/Chicago,UTC-6
KSMQ,40.62,-74.67,30.0,"Somerville, Somerset Airport",America/New_York,UTC-5
KW63,36.6,-78.57,122.0,Clarksville / Marks,America/New_York,UTC-5
KCXE,36.79,-78.5,153.0,Chase City Municipal Airport,America/New_York,UTC-5
KGSO,36.1,-79.94,271.0,"Greensboro, Piedmont Triad International Airport",America/New_York,UTC-5
KTTN,40.28,-74.82,61.0,"Trenton, Mercer County Airport",America/New_York,UTC-5
KPIA,40.67,-89.68,198.0,"Peoria, Greater Peoria Regional Airport",America/Chicago,UTC-6
KTLH,30.39,-84.35,14.0,"Tallahassee, Tallahassee Regional Airport",America/New_York,UTC-5
KORD,41.98,-87.9,202.0,"Chicago, Chicago-O'Hare International Airport",America/Chicago,UTC-6
KPWK,42.12,-87.9,194.0,"Chicago / Wheeling, Pal-Waukee Airport",America/Chicago,UTC-6
KTME,29.81,-95.9,51.0,Houston Executive Airport,America/Chicago,UTC-6
KBDL,41.94,-72.68,45.0,"Windsor Locks, Bradley International Airport",America/New_York,UTC-5
KHFD,41.74,-72.65,13.0,"Hartford, Hartford-Brainard Airport",America/New_York,UTC-5
KMHT,42.93,-71.44,68.0,"Manchester, Manchester Airport",America/New_York,UTC-5
KPIE,27.91,-82.69,2.0,"St. Petersburg / Clearwater, St. Petersburg / Clearwater Int",America/New_York,UTC-5
KSPG,27.77,-82.63,1.0,"St. Petersburg, Whitted Airport",America/New_York,UTC-5
KCHS,32.9,-80.04,9.0,"Charleston, Charleston Air Force Base",America/New_York,UTC-5
KLRO,32.9,-79.78,4.0,Mt Pleasant Regional-Faison field,America/New_York,UTC-5
KJZI,32.7,-80.0,5.0,Charleston Executive Airport,America/New_York,UTC-5
KLIT,34.73,-92.24,83.0,"Little Rock, Adams Field",America/Chicago,UTC-6
KLRF,34.92,-92.15,108.0,Little Rock Air Force Base,America/Chicago,UTC-6
KBMG,39.14,-86.62,268.0,"Bloomington, Monroe County Airport",America/New_York,UTC-5
KAPF,26.15,-81.77,3.0,"Naples, Naples Municipal Airport",America/New_York,UTC-5
KMKY,26.0,-81.67,2.0,Marco Island Airport,America/New_York,UTC-5
KMMK,41.51,-72.83,32.0,"Meriden, Meriden Markham Municipal Airport",America/New_York,UTC-5
KLBB,33.67,-101.82,990.0,"Lubbock, Lubbock International Airport",America/Chicago,UTC-6
KCON,43.2,-71.5,91.0,"Concord, Concord Municipal Airport",America/New_York,UTC-5
PAED,61.25,-149.79,57.0,"Anchorage, Elmendorf Air Force Base",America/Anchorage,UTC-9
PAFR,61.27,-149.65,121.0,"Ft. Richardson / Bryant U. S. Army Heliport, Ak",America/Anchorage,UTC-9
PALH,61.18,-149.97,23.0,"Anchorage, Lake Hood Seaplane Base",America/Anchorage,UTC-9
PAMR,61.22,-149.85,31.0,"Anchorage, Merrill Field Airport",America/Anchorage,UTC-9
PANC,61.17,-150.0,38.0,"Anchorage, Ted Stevens Anchorage International Airport",America/Anchorage,UTC-9
KCXY,40.22,-76.85,92.0,"Harrisburg, Capital City Airport",America/New_York,UTC-5
KMDT,40.19,-76.76,91.0,"Harrisburg, Harrisburg International Airport",America/New_York,UTC-5
KCHA,35.03,-85.2,213.0,"Chattanooga, Lovell Field",America/New_York,UTC-5
KSYR,43.11,-76.1,122.0,"Syracuse, Syracuse Hancock International Airport",America/New_York,UTC-5
KPAE,47.92,-122.28,161.0,"Everett, Snohomish County Airport",America/Los_Angeles,UTC-8
KBTV,44.47,-73.15,94.0,"Burlington, Burlington International Airport",America/New_York,UTC-5
KISM,28.29,-81.44,22.0,"Orlando, Kissimmee Municipal Airport",America/New_York,UTC-5
KMUI,40.43,-76.57,152.0,Muir Army Air Field / Indiantown,America/New_York,UTC-5
KFMY,26.58,-81.86,2.0,"Fort Myers, Page Field",America/New_York,UTC-5
KRSW,26.53,-81.77,5.0,"Fort Myers, Southwest Florida International Airport",America/New_York,UTC-5
KBFL,35.43,-119.06,147.0,"Bakersfield, Meadows Field Airport",America/Los_Angeles,UTC-8
KSMD,41.14,-85.15,255.0,Smith Field,America/New_York,UTC-5
KFWA,40.98,-85.2,238.0,"Fort Wayne, Fort Wayne International Airport",America/New_York,UTC-5
KLAN,42.78,-84.58,258.0,"Lansing, Capital City Airport",America/New_York,UTC-5
KAHN,33.95,-83.33,243.0,"Athens, Athens Airport",America/New_York,UTC-5
KSUA,27.18,-80.22,4.0,"Stuart, Witham Field Airport",America/New_York,UTC-5
KAPA,39.56,-104.85,1770.0,"Denver, Centennial Airport",America/Denver,UTC-7
KAGS,33.36,-81.96,38.0,"Augusta, Bush Field",America/New_York,UTC-5
KDNL,33.47,-82.04,127.0,"Augusta, Daniel Field",America/New_York,UTC-5
KOJC,38.85,-94.74,314.0,"Olathe, Johnson County Executive Airport",America/Chicago,UTC-6
KLZU,33.98,-83.96,317.0,"Lawrenceville, Gwinnett County-Briscoe Field Airport",America/New_York,UTC-5
KDLH,46.84,-92.23,443.0,"Duluth, Duluth International Airport",America/Chicago,UTC-6
KDYT,46.72,-92.04,183.0,"Duluth, Sky Harbor Airport",America/Chicago,UTC-6
KSUW,46.69,-92.09,204.0,"Superior, Richard I. Bong Airport",America/Chicago,UTC-6
KLVN,44.63,-93.23,293.0,"Minneapolis, Airlake Airport",America/Chicago,UTC-6
KPBI,26.68,-80.1,6.0,"West Palm Beach, Palm Beach International Airport",America/New_York,UTC-5
KLNA,26.59,-80.09,4.0,Palm Beach County Park Airport,America/New_York,UTC-5
KEZF,38.27,-77.45,15.0,"Fredericksburg, Shannon Airport",America/New_York,UTC-5
KRMN,38.4,-77.46,44.0,"Stafford, Stafford Regional Airport",America/New_York,UTC-5
KCPK,36.67,-76.32,5.0,"Chesapeake, Chesapeake Municipal Airport",America/New_York,UTC-5
KNGU,36.93,-76.3,3.0,"Norfolk, Naval Air Station",America/New_York,UTC-5
KPVG,36.78,-76.45,7.0,Hampton Roads Executive Airport,America/New_York,UTC-5
KCOF,28.23,-80.6,3.0,Cocoa / Patrick Air Force Base,America/New_York,UTC-5
KMLB,28.1,-80.65,7.0,"Melbourne, Melbourne International Airport",America/New_York,UTC-5
KCLW,27.98,-82.76,22.0,Clearwater Air Park,America/New_York,UTC-5
KMEI,32.34,-88.75,89.0,"Meridian, Key Field",America/Chicago,UTC-6
KDNV,40.2,-87.6,204.0,"Danville, Vermilion County Airport",America/Chicago,UTC-6
KGAI,39.17,-77.17,164.0,Montgomery County Airpark,America/New_York,UTC-5
KLHQ,39.76,-82.66,269.0,"Lancaster, Fairfield County Airport",America/New_York,UTC-5
KCAK,40.92,-81.44,365.0,"Akron, Akron-Canton Regional Airport",America/New_York,UTC-5
KAKR,41.04,-81.46,320.0,"Akron, Akron Fulton International Airport",America/New_York,UTC-5
KROG,36.37,-94.1,407.0,"Rogers, Rogers Municipal Airport-Carter Field",America/Chicago,UTC-6
KVBT,36.35,-94.22,394.0,"Bentonville, Bentonville Municipal Airport/Louise M Thaden F",America/Chicago,UTC-6
KXNA,36.28,-94.31,388.0,"Fayetteville/Springdale, Northwest Arkansas Regional Airport",America/Chicago,UTC-6
KBOW,27.95,-81.78,38.0,Bartow Municipal,America/New_York,UTC-5
KGIF,28.06,-81.76,39.0,"Winter Haven, Winter Haven's Gilbert Airport",America/New_York,UTC-5
KLAL,27.98,-82.02,39.0,Lakeland Regional,America/New_York,UTC-5
KARB,42.22,-83.74,243.0,"Ann Arbor, Ann Arbor Municipal Airport",America/New_York,UTC-5
KYIP,42.24,-83.53,217.0,"Detroit, Willow Run Airport",America/New_York,UTC-5
KBED,42.47,-71.29,42.0,"Bedford, Hanscom Field",America/New_York,UTC-5
KSCK,37.89,-121.22,8.0,"Stockton, Stockton Metropolitan Airport",America/Los_Angeles,UTC-8
KGRB,44.48,-88.14,209.0,"Green Bay, Austin Straubel International Airport",America/Chicago,UTC-6
KROA,37.32,-79.97,335.0,"Roanoke, Roanoke Regional Airport",America/New_York,UTC-5
KLHM,38.91,-121.35,37.0,Lincoln Regional Karl Harder Field,America/Los_Angeles,UTC-8
KPTK,42.66,-83.41,296.0,"Pontiac, Oakland County International Airport",America/New_York,UTC-5
